Rank,Team,P,W,D,L,GF,GA,GD,Pts,xGF,xGA,xGD,xPts,xRank,season,file,res,elig_rank
1,Cambuur Leeuwarden,38,29,5,4,109,36,73,92,83.0,42.0,41.0,77.5,1,2020-21,KKD2021.xlsx,False,1.0
2,Go Ahead Eagles,38,23,8,7,62,25,37,77,53.2,37.4,15.7,63.4,4,2020-21,KKD2021.xlsx,False,2.0
3,De Graafschap,38,23,8,7,67,47,20,77,62.6,38.1,24.5,70.0,2,2020-21,KKD2021.xlsx,False,3.0
4,Almere City FC,38,22,9,7,75,48,27,75,64.0,48.6,15.3,62.0,5,2020-21,KKD2021.xlsx,False,4.0
5,NAC Breda,38,22,7,9,75,41,34,73,63.0,50.8,12.2,61.0,6,2020-21,KKD2021.xlsx,False,5.0
6,FC Volendam,38,19,9,10,79,52,27,66,77.2,54.9,22.3,65.2,3,2020-21,KKD2021.xlsx,False,6.0
7,Nijmegen Eendracht Combinatie,38,20,6,12,68,45,23,66,62.5,48.1,14.4,59.9,7,2020-21,KKD2021.xlsx,False,7.0
8,Roda JC,38,15,12,11,67,61,6,57,58.8,46.1,12.6,59.3,8,2020-21,KKD2021.xlsx,False,8.0
9,Excelsior,38,14,6,18,65,66,-1,48,65.6,63.4,2.2,55.6,9,2020-21,KKD2021.xlsx,False,9.0
10,TOP Oss,38,13,8,17,40,57,-17,47,51.5,57.5,-6.0,48.1,12,2020-21,KKD2021.xlsx,False,10.0
11,MVV,38,13,7,18,50,72,-22,46,46.4,58.0,-11.7,44.1,15,2020-21,KKD2021.xlsx,False,11.0
12,Helmond Sport,38,11,12,15,51,68,-17,45,47.9,66.9,-19.0,43.5,16,2020-21,KKD2021.xlsx,False,12.0
13,Telstar,38,10,11,17,57,61,-4,41,48.3,52.7,-4.5,48.6,11,2020-21,KKD2021.xlsx,False,13.0
14,PSV II,38,10,10,18,54,65,-11,40,41.6,58.5,-16.9,42.3,17,2020-21,KKD2021.xlsx,True,
15,FC Eindhoven,38,10,10,18,50,62,-12,40,49.1,57.9,-8.9,45.5,14,2020-21,KKD2021.xlsx,False,14.0
16,Ajax II,38,10,10,18,55,71,-16,40,58.1,65.8,-7.6,49.8,10,2020-21,KKD2021.xlsx,True,
17,AZ II,38,11,5,22,56,92,-36,38,52.5,66.9,-14.4,42.2,18,2020-21,KKD2021.xlsx,True,
18,FC Utrecht II,38,11,2,25,53,77,-24,35,58.0,67.6,-9.6,46.7,13,2020-21,KKD2021.xlsx,True,
19,FC Den Bosch,38,8,8,22,59,85,-26,32,47.4,73.1,-25.7,37.3,19,2020-21,KKD2021.xlsx,False,15.0
20,FC Dordrecht,38,8,3,27,36,97,-61,27,42.3,78.4,-36.1,31.4,20,2020-21,KKD2021.xlsx,False,16.0
1,FC Emmen,38,26,5,7,64,24,40,83,56.4,31.4,25.0,70.1,2,2021-22,KKD2122.xlsx,False,1.0
2,FC Volendam,38,21,12,5,81,53,28,75,63.2,55.6,7.5,56.6,10,2021-22,KKD2122.xlsx,False,2.0
3,ADO Den Haag,38,22,7,9,76,53,23,73,66.8,45.9,20.8,66.3,4,2021-22,KKD2122.xlsx,False,3.0
4,FC Eindhoven,38,21,8,9,69,43,26,71,59.5,41.2,18.3,65.0,5,2021-22,KKD2122.xlsx,False,4.0
5,Roda JC,38,18,12,8,77,50,27,66,67.5,38.7,28.8,72.4,1,2021-22,KKD2122.xlsx,False,5.0
6,Excelsior,38,19,9,10,82,57,25,66,70.0,55.9,14.1,60.3,7,2021-22,KKD2122.xlsx,False,6.0
7,Ajax II,38,18,9,11,82,63,19,63,74.7,62.4,12.3,60.4,6,2021-22,KKD2122.xlsx,True,
8,NAC Breda,38,16,11,11,60,45,15,59,58.7,49.0,9.7,58.1,9,2021-22,KKD2122.xlsx,False,7.0
9,De Graafschap,38,15,11,12,52,43,9,56,64.3,38.2,26.1,69.5,3,2021-22,KKD2122.xlsx,False,8.0
10,VVV Venlo,38,14,6,18,50,64,-14,48,49.2,70.9,-21.7,38.0,18,2021-22,KKD2122.xlsx,False,9.0
11,FC Den Bosch,38,14,5,19,42,61,-19,47,45.6,63.3,-17.8,41.6,15,2021-22,KKD2122.xlsx,False,10.0
12,PSV II,38,11,11,16,61,63,-2,44,47.9,52.0,-4.1,50.5,11,2021-22,KKD2122.xlsx,True,
13,AZ II,38,12,6,20,39,50,-11,42,45.5,63.1,-17.6,40.4,16,2021-22,KKD2122.xlsx,True,
14,Almere City FC,38,11,8,19,57,69,-12,41,58.8,47.9,10.8,60.1,8,2021-22,KKD2122.xlsx,False,11.0
15,TOP Oss,38,11,8,19,48,62,-14,41,49.0,54.9,-5.8,49.6,12,2021-22,KKD2122.xlsx,False,12.0
16,MVV,38,12,4,22,43,75,-32,40,41.0,77.1,-36.1,31.4,20,2021-22,KKD2122.xlsx,False,13.0
17,FC Dordrecht,38,10,9,19,53,77,-24,39,43.4,71.2,-27.8,35.2,19,2021-22,KKD2122.xlsx,False,14.0
18,FC Utrecht II,38,11,5,22,43,67,-24,38,42.9,58.7,-15.8,42.0,14,2021-22,KKD2122.xlsx,True,
19,Telstar,38,8,11,19,47,74,-27,35,54.2,61.8,-7.6,47.2,13,2021-22,KKD2122.xlsx,False,15.0
20,Helmond Sport,38,8,7,23,39,72,-33,31,40.6,59.8,-19.3,39.3,17,2021-22,KKD2122.xlsx,False,16.0
1,Heracles Almelo,38,27,4,7,103,42,61,85,69.6,41.3,28.4,70.3,3,2022-23,KKD2223.xlsx,False,1.0
2,PEC Zwolle,38,27,4,7,99,43,56,85,80.2,42.4,37.9,74.4,1,2022-23,KKD2223.xlsx,False,2.0
3,Almere City FC,38,21,7,10,58,41,17,70,56.1,41.0,15.2,62.1,4,2022-23,KKD2223.xlsx,False,3.0
4,Willem II,38,19,11,8,68,40,28,68,61.7,34.3,27.4,71.5,2,2022-23,KKD2223.xlsx,False,4.0
5,MVV,38,18,5,15,65,65,0,59,58.4,71.4,-13.1,46.2,15,2022-23,KKD2223.xlsx,False,5.0
6,NAC Breda,38,18,5,15,64,64,0,59,45.5,54.5,-9.0,46.6,14,2022-23,KKD2223.xlsx,False,6.0
7,VVV Venlo,38,16,10,12,56,51,5,58,53.9,51.0,2.8,55.2,8,2022-23,KKD2223.xlsx,False,7.0
8,FC Eindhoven,38,16,10,12,58,54,4,58,50.9,45.4,5.6,56.0,6,2022-23,KKD2223.xlsx,False,8.0
9,Telstar,38,14,11,13,39,52,-13,53,52.1,48.2,3.8,55.9,7,2022-23,KKD2223.xlsx,False,9.0
10,De Graafschap,38,15,7,16,64,54,10,52,63.3,45.5,17.8,60.2,5,2022-23,KKD2223.xlsx,False,10.0
11,AZ II,38,14,9,15,60,58,2,51,50.7,52.7,-2.0,50.4,12,2022-23,KKD2223.xlsx,True,
12,ADO Den Haag,38,13,12,13,51,57,-6,51,53.0,52.6,0.4,53.5,10,2022-23,KKD2223.xlsx,False,11.0
13,Ajax II,38,12,10,16,69,72,-3,46,54.7,68.6,-13.9,46.1,16,2022-23,KKD2223.xlsx,True,
14,PSV II,38,12,9,17,59,63,-4,45,51.6,49.0,2.6,52.5,11,2022-23,KKD2223.xlsx,True,
15,Roda JC,38,12,7,19,49,59,-10,43,54.4,51.1,3.3,55.2,9,2022-23,KKD2223.xlsx,False,12.0
16,Helmond Sport,38,11,10,17,39,57,-18,43,38.4,46.3,-7.9,47.1,13,2022-23,KKD2223.xlsx,False,13.0
17,TOP Oss,38,10,7,21,45,76,-31,37,40.2,71.0,-30.6,34.3,19,2022-23,KKD2223.xlsx,False,14.0
18,FC Dordrecht,38,9,8,21,41,68,-27,35,41.7,65.8,-24.3,37.4,18,2022-23,KKD2223.xlsx,False,15.0
19,FC Den Bosch,38,10,5,23,46,85,-39,35,36.8,70.6,-33.8,32.7,20,2022-23,KKD2223.xlsx,False,16.0
20,FC Utrecht II,38,7,7,24,33,65,-32,28,47.9,58.3,-10.5,43.3,17,2022-23,KKD2223.xlsx,True,
1,Willem II,38,23,10,5,77,35,42,79,62.3,36.7,25.6,68.1,2,2023-24,KKD2324.xlsx,False,1.0
2,FC Groningen,38,22,9,7,71,30,41,75,66.4,33.2,33.2,71.5,1,2023-24,KKD2324.xlsx,False,2.0
3,Roda JC,38,21,12,5,69,34,35,75,57.6,42.7,14.8,63.5,3,2023-24,KKD2324.xlsx,False,3.0
4,FC Dordrecht,38,18,15,5,74,51,23,69,58.9,61.5,-2.7,50.8,11,2023-24,KKD2324.xlsx,False,4.0
5,ADO Den Haag,38,17,12,9,72,50,22,63,60.1,47.7,12.4,59.6,7,2023-24,KKD2324.xlsx,False,5.0
6,De Graafschap,38,19,6,13,61,52,9,63,62.5,48.4,14.1,61.5,4,2023-24,KKD2324.xlsx,False,6.0
7,FC Emmen,38,17,6,15,59,60,-1,57,54.1,48.7,5.4,55.9,8,2023-24,KKD2324.xlsx,False,7.0
8,NAC Breda,38,15,11,12,63,56,7,56,55.9,42.0,13.9,61.1,5,2023-24,KKD2324.xlsx,False,8.0
9,MVV,38,16,8,14,64,60,4,56,47.9,64.3,-16.4,42.8,18,2023-24,KKD2324.xlsx,False,9.0
10,AZ II,38,16,8,14,62,61,1,56,51.9,59.9,-8.1,47.7,13,2023-24,KKD2324.xlsx,True,
11,Helmond Sport,38,14,9,15,52,55,-3,51,48.4,57.9,-9.5,46.7,14,2023-24,KKD2324.xlsx,False,10.0
12,VVV Venlo,38,13,9,16,53,58,-5,48,53.0,53.5,-0.5,52.0,9,2023-24,KKD2324.xlsx,False,11.0
13,Cambuur Leeuwarden,38,13,8,17,71,74,-3,47,69.1,56.7,12.4,60.2,6,2023-24,KKD2324.xlsx,False,12.0
14,FC Eindhoven,38,9,16,13,45,57,-12,43,53.2,52.6,0.6,51.5,10,2023-24,KKD2324.xlsx,False,13.0
15,Ajax II,38,10,10,18,54,69,-15,40,47.9,62.6,-14.8,43.7,16,2023-24,KKD2324.xlsx,True,
16,PSV II,38,11,7,20,63,81,-18,40,53.1,67.5,-14.3,43.4,17,2023-24,KKD2324.xlsx,True,
17,Telstar,38,9,8,21,47,68,-21,35,50.3,59.0,-8.7,48.3,12,2023-24,KKD2324.xlsx,False,14.0
18,TOP Oss,38,10,4,24,32,66,-34,34,38.8,62.4,-23.6,37.7,20,2023-24,KKD2324.xlsx,False,15.0
19,FC Den Bosch,38,8,9,21,38,68,-30,33,41.4,51.7,-10.3,45.7,15,2023-24,KKD2324.xlsx,False,16.0
20,FC Utrecht II,38,5,11,22,32,74,-42,26,42.2,65.8,-23.6,37.8,19,2023-24,KKD2324.xlsx,True,
1,FC Volendam,38,26,4,8,87,48,39,82,75.5,54.3,21.1,64.4,4,2024-25,KKD2425.xlsx,False,1.0
2,Excelsior,38,22,8,8,74,38,36,74,73.5,38.4,34.6,75.2,1,2024-25,KKD2425.xlsx,False,2.0
3,Cambuur Leeuwarden,38,22,5,11,63,42,21,71,70.0,50.1,19.7,66.2,2,2024-25,KKD2425.xlsx,False,3.0
4,ADO Den Haag,38,20,10,8,69,47,22,70,68.6,48.8,19.4,65.5,3,2024-25,KKD2425.xlsx,False,4.0
5,FC Dordrecht,38,20,8,10,69,46,23,68,66.1,59.3,6.6,56.9,8,2024-25,KKD2425.xlsx,False,5.0
6,De Graafschap,38,19,8,11,73,50,23,65,70.4,51.3,19.2,63.2,6,2024-25,KKD2425.xlsx,False,6.0
7,Telstar,38,17,10,11,69,47,22,61,64.7,48.3,16.5,63.4,5,2024-25,KKD2425.xlsx,False,7.0
8,FC Emmen,38,17,5,16,56,53,3,56,61.8,52.7,9.0,58.4,7,2024-25,KKD2425.xlsx,False,8.0
9,FC Den Bosch,38,15,10,13,53,48,5,55,55.2,50.5,4.9,54.6,9,2024-25,KKD2425.xlsx,False,9.0
10,AZ II,38,14,10,14,69,63,6,52,56.3,63.8,-8.0,48.1,13,2024-25,KKD2425.xlsx,True,
11,FC Eindhoven,38,14,9,15,58,64,-6,51,51.9,56.6,-4.9,50.8,11,2024-25,KKD2425.xlsx,False,10.0
12,Roda JC,38,13,10,15,49,57,-8,49,59.0,57.5,1.8,53.9,10,2024-25,KKD2425.xlsx,False,11.0
13,Helmond Sport,38,12,10,16,53,61,-8,46,51.7,60.0,-7.8,46.7,15,2024-25,KKD2425.xlsx,False,12.0
14,VVV Venlo,38,11,8,19,44,69,-25,41,57.2,62.7,-5.3,49.1,12,2024-25,KKD2425.xlsx,False,13.0
15,MVV,38,10,10,18,52,59,-7,40,56.1,66.4,-10.7,45.0,16,2024-25,KKD2425.xlsx,False,14.0
16,TOP Oss,38,8,14,16,31,61,-30,38,41.2,70.9,-29.6,34.6,20,2024-25,KKD2425.xlsx,False,15.0
17,Ajax II,38,9,9,20,37,52,-15,36,48.2,71.5,-23.8,38.4,18,2024-25,KKD2425.xlsx,True,
18,PSV II,38,8,6,24,55,86,-31,30,54.6,78.7,-24.4,38.7,17,2024-25,KKD2425.xlsx,True,
19,FC Utrecht II,38,4,11,23,31,82,-51,23,42.1,73.5,-31.1,34.8,19,2024-25,KKD2425.xlsx,True,
20,Vitesse,38,11,11,16,54,73,-19,17,56.1,64.7,-8.3,47.8,14,2024-25,KKD2425.xlsx,False,16.0
1,ADO Den Haag,38,29,2,7,90,37,53,89,85.1,38.9,46.5,79.8,1,2025-26,KKD2526_clean_2025-26.xlsx,False,1.0
2,Cambuur Leeuwarden,38,23,9,6,75,48,27,78,75.0,54.3,20.7,64.8,2,2025-26,KKD2526_clean_2025-26.xlsx,False,2.0
3,Willem II,38,20,8,10,59,42,17,68,74.1,57.2,16.8,63.1,3,2025-26,KKD2526_clean_2025-26.xlsx,False,3.0
4,De Graafschap,38,18,9,11,74,58,16,63,78.0,65.6,12.8,59.5,5,2025-26,KKD2526_clean_2025-26.xlsx,False,4.0
5,Almere City FC,38,18,4,16,78,63,15,58,68.1,58.8,9.3,58.4,7,2025-26,KKD2526_clean_2025-26.xlsx,False,5.0
6,RKC Waalwijk,38,16,10,12,71,59,12,58,68.3,53.7,14.8,62.4,4,2025-26,KKD2526_clean_2025-26.xlsx,False,6.0
7,Vitesse,38,15,11,12,64,55,9,56,63.6,60.7,2.8,53.7,10,2025-26,KKD2526_clean_2025-26.xlsx,False,7.0
8,PSV II,38,17,5,16,66,64,2,56,61.3,74.2,-12.9,45.0,16,2025-26,KKD2526_clean_2025-26.xlsx,True,
9,Roda JC,38,14,13,11,59,54,5,55,67.4,58.2,9.2,59.2,6,2025-26,KKD2526_clean_2025-26.xlsx,False,8.0
10,FC Den Bosch,38,14,9,15,65,69,-4,51,62.7,69.9,-7.2,47.8,13,2025-26,KKD2526_clean_2025-26.xlsx,False,9.0
11,FC Dordrecht,38,12,11,15,48,56,-8,47,62.1,57.3,4.6,54.9,9,2025-26,KKD2526_clean_2025-26.xlsx,False,10.0
12,FC Eindhoven,38,14,5,19,51,69,-18,47,55.6,71.1,-15.8,44.5,18,2025-26,KKD2526_clean_2025-26.xlsx,False,11.0
13,FC Utrecht II,38,12,10,16,58,62,-4,46,66.1,59.8,6.3,55.4,8,2025-26,KKD2526_clean_2025-26.xlsx,True,
14,VVV Venlo,38,13,6,19,50,58,-8,45,65.0,68.1,-3.1,51.6,11,2025-26,KKD2526_clean_2025-26.xlsx,False,12.0
15,FC Emmen,38,12,9,17,58,72,-14,45,66.4,71.0,-4.4,50.5,12,2025-26,KKD2526_clean_2025-26.xlsx,False,13.0
16,TOP Oss,38,11,11,16,54,64,-10,44,53.6,68.6,-14.7,44.7,17,2025-26,KKD2526_clean_2025-26.xlsx,False,14.0
17,AZ II,38,12,4,22,61,76,-15,40,58.6,69.7,-11.2,46.2,15,2025-26,KKD2526_clean_2025-26.xlsx,True,
18,Helmond Sport,38,10,9,19,42,62,-20,39,53.4,65.6,-12.2,47.8,14,2025-26,KKD2526_clean_2025-26.xlsx,False,15.0
19,MVV,38,9,11,18,41,73,-32,38,46.6,78.9,-32.1,35.0,20,2025-26,KKD2526_clean_2025-26.xlsx,False,16.0
20,Ajax II,38,9,8,21,50,73,-23,35,47.4,77.6,-30.2,35.6,19,2025-26,KKD2526_clean_2025-26.xlsx,True,
